{"cameraMode":{"drawMode":0,"name":"Shaded","section":"Shading Mode"},"sceneLighting":true,"audioPlay":false,"sceneViewState":{"m_AlwaysRefresh":false,"showFog":true,"showSkybox":true,"showFlares":true,"showImageEffects":true,"showParticleSystems":true,"showVisualEffectGraphs":true,"m_FxEnabled":true},"in2DMode":false,"pivot":{"x":-63.713104248046878,"y":5.269896030426025,"z":38.232208251953128},"rotation":{"x":0.23108993470668794,"y":-0.27428674697875979,"z":0.06819210946559906,"w":0.9310805797576904},"size":2.5121920108795168,"orthographic":false}